{
    "learning_rate": 0.01,
    "momentum": 0.9,
    "num_epochs": 200,
    "batch_size": 64,
    "test_accuracy": 0.6357652221612726,
    "test_precision": 0.5489048732783667,
    "test_recall": 0.5296168960571654,
    "test_f1_score": 0.5378511734027525,
    "val_accuracy": 0.6387568555758684,
    "val_precision": 0.5616726312202919,
    "val_recall": 0.5400634249542919,
    "val_f1_score": 0.5497146384645114
}