{
    "learning_rate": 0.25,
    "momentum": 0.5,
    "num_epochs": 200,
    "batch_size": 64,
    "test_accuracy": 0.6352166758091059,
    "test_precision": 0.5514334292415438,
    "test_recall": 0.5289899403367025,
    "test_f1_score": 0.5389992660063723,
    "val_accuracy": 0.636745886654479,
    "val_precision": 0.5660513014091623,
    "val_recall": 0.5414588326701997,
    "val_f1_score": 0.5524111394526235
}