{
    "learning_rate": 0.25,
    "momentum": 0.9,
    "num_epochs": 200,
    "batch_size": 64,
    "test_accuracy": 0.619674529164381,
    "test_precision": 0.5344086880732272,
    "test_recall": 0.5232765773128888,
    "test_f1_score": 0.5280078728378176,
    "val_accuracy": 0.6274223034734918,
    "val_precision": 0.5520073868997689,
    "val_recall": 0.5416265820028445,
    "val_f1_score": 0.5465339136405726
}