{
    "learning_rate": 0.01,
    "momentum": 0.9,
    "num_epochs": 200,
    "batch_size": 128,
    "test_accuracy": 0.6575242274638874,
    "test_precision": 0.5834762920917084,
    "test_recall": 0.5343787114226557,
    "test_f1_score": 0.5527090935547344,
    "val_accuracy": 0.6585009140767825,
    "val_precision": 0.6027803758366601,
    "val_recall": 0.5497477292046623,
    "val_f1_score": 0.5706710569372243
}