{
    "learning_rate": 0.1,
    "momentum": 0.9,
    "num_epochs": 100,
    "batch_size": 128,
    "test_accuracy": 0.632108246480161,
    "test_precision": 0.5485839540470132,
    "test_recall": 0.5250388501854918,
    "test_f1_score": 0.5354743326940364,
    "val_accuracy": 0.6292504570383912,
    "val_precision": 0.5564560740721857,
    "val_recall": 0.5362606674145779,
    "val_f1_score": 0.5450687030272634
}