{
    "learning_rate": 0.01,
    "momentum": 0.5,
    "num_epochs": 100,
    "batch_size": 256,
    "test_accuracy": 0.5997440117023222,
    "test_precision": 0.4805326477611884,
    "test_recall": 0.4133910984581379,
    "test_f1_score": 0.42769098016074936,
    "val_accuracy": 0.593418647166362,
    "val_precision": 0.47065277563547253,
    "val_recall": 0.4087396854111018,
    "val_f1_score": 0.4200572766559451
}