{
    "learning_rate": 0.25,
    "momentum": 0.5,
    "num_epochs": 200,
    "batch_size": 256,
    "test_accuracy": 0.6310111537758274,
    "test_precision": 0.5413585678239167,
    "test_recall": 0.5395793300963266,
    "test_f1_score": 0.5392384520278798,
    "val_accuracy": 0.6292504570383912,
    "val_precision": 0.5568273144133787,
    "val_recall": 0.5453137119403416,
    "val_f1_score": 0.5500732656640458
}