{
    "learning_rate": 0.1,
    "momentum": 0.5,
    "num_epochs": 200,
    "batch_size": 64,
    "test_accuracy": 0.5648275862068965,
    "test_precision": 0.4863265564661774,
    "test_recall": 0.4774111242173711,
    "test_f1_score": 0.48094947670929433,
    "val_accuracy": 0.5751724137931035,
    "val_precision": 0.5010804829556146,
    "val_recall": 0.4947714852437059,
    "val_f1_score": 0.4975971608918848
}