{
    "learning_rate": 0.25,
    "momentum": 0.5,
    "num_epochs": 200,
    "batch_size": 128,
    "test_accuracy": 0.5741379310344827,
    "test_precision": 0.4984802242933022,
    "test_recall": 0.4825999181298524,
    "test_f1_score": 0.488252352245145,
    "val_accuracy": 0.5844827586206897,
    "val_precision": 0.5116002110961366,
    "val_recall": 0.49429607730394043,
    "val_f1_score": 0.5019335282884908
}