{
    "learning_rate": 0.05,
    "momentum": 0.5,
    "num_epochs": 200,
    "batch_size": 128,
    "test_accuracy": 0.5275862068965518,
    "test_precision": 0.44954124891195746,
    "test_recall": 0.42829218594101875,
    "test_f1_score": 0.4369818502782253,
    "val_accuracy": 0.5306896551724138,
    "val_precision": 0.44810195751237664,
    "val_recall": 0.42521284106822616,
    "val_f1_score": 0.43472717962678714
}