{
    "learning_rate": 0.05,
    "momentum": 0.5,
    "num_epochs": 100,
    "batch_size": 128,
    "test_accuracy": 0.5093103448275862,
    "test_precision": 0.4211701971066939,
    "test_recall": 0.4069588596766105,
    "test_f1_score": 0.4115603487310408,
    "val_accuracy": 0.5213793103448275,
    "val_precision": 0.4463485519038383,
    "val_recall": 0.4245952946768566,
    "val_f1_score": 0.43303152405342366
}