{
    "learning_rate": 0.1,
    "momentum": 0.9,
    "num_epochs": 200,
    "batch_size": 128,
    "test_accuracy": 0.43517241379310345,
    "test_precision": 0.1813671960365949,
    "test_recall": 0.2664090773478216,
    "test_f1_score": 0.19922803800593117,
    "val_accuracy": 0.463448275862069,
    "val_precision": 0.18781843938141898,
    "val_recall": 0.2719087141612881,
    "val_f1_score": 0.20936596646262493
}