{
    "learning_rate": 0.05,
    "momentum": 0.5,
    "num_epochs": 200,
    "batch_size": 64,
    "test_accuracy": 0.5358620689655172,
    "test_precision": 0.44939998443921275,
    "test_recall": 0.4287744455974964,
    "test_f1_score": 0.4367987896880822,
    "val_accuracy": 0.5379310344827586,
    "val_precision": 0.4638444050398723,
    "val_recall": 0.43756240607313623,
    "val_f1_score": 0.448103086946481
}