{
    "learning_rate": 0.1,
    "momentum": 0.9,
    "num_epochs": 200,
    "batch_size": 256,
    "test_accuracy": 0.5186206896551724,
    "test_precision": 0.5442793347042308,
    "test_recall": 0.370936152196845,
    "test_f1_score": 0.355117669813415,
    "val_accuracy": 0.5044827586206897,
    "val_precision": 0.33537074131025246,
    "val_recall": 0.3504828457055394,
    "val_f1_score": 0.3311901098008077
}