{
    "learning_rate": 0.05,
    "momentum": 0.9,
    "num_epochs": 200,
    "batch_size": 256,
    "test_accuracy": 0.4706896551724138,
    "test_precision": 0.387930942924205,
    "test_recall": 0.37722818906315014,
    "test_f1_score": 0.37415630884061396,
    "val_accuracy": 0.47172413793103446,
    "val_precision": 0.3982654947064974,
    "val_recall": 0.37283662724011374,
    "val_f1_score": 0.37299814327956304
}