{
    "learning_rate": 0.05,
    "momentum": 0.5,
    "num_epochs": 200,
    "batch_size": 64,
    "test_accuracy": 0.5843847138416529,
    "test_precision": 0.4962939253147158,
    "test_recall": 0.477420762517941,
    "test_f1_score": 0.48485835641388536,
    "val_accuracy": 0.5915904936014625,
    "val_precision": 0.5038991253310378,
    "val_recall": 0.49090544967989436,
    "val_f1_score": 0.4966994768958839
}