{
    "learning_rate": 0.01,
    "momentum": 0.5,
    "num_epochs": 200,
    "batch_size": 128,
    "test_accuracy": 0.5860303528981532,
    "test_precision": 0.4977927918439314,
    "test_recall": 0.4605713817726207,
    "test_f1_score": 0.47476529930537453,
    "val_accuracy": 0.6,
    "val_precision": 0.5255785076561729,
    "val_recall": 0.4913960185025015,
    "val_f1_score": 0.5048569409262719
}