{
    "learning_rate": 0.01,
    "momentum": 0.9,
    "num_epochs": 200,
    "batch_size": 64,
    "test_accuracy": 0.5827390747851526,
    "test_precision": 0.4911424918969367,
    "test_recall": 0.4688449830810393,
    "test_f1_score": 0.47835572927562414,
    "val_accuracy": 0.5857404021937843,
    "val_precision": 0.4991225172940806,
    "val_recall": 0.47659870073126903,
    "val_f1_score": 0.48621456240578736
}