{
    "learning_rate": 0.01,
    "momentum": 0.5,
    "num_epochs": 100,
    "batch_size": 128,
    "test_accuracy": 0.5915158164198208,
    "test_precision": 0.5611362204611331,
    "test_recall": 0.4416028323230566,
    "test_f1_score": 0.46951755126321143,
    "val_accuracy": 0.6018281535648995,
    "val_precision": 0.5708053880377505,
    "val_recall": 0.45665359987015436,
    "val_f1_score": 0.483724371088911
}