{
    "learning_rate": 0.05,
    "momentum": 0.9,
    "num_epochs": 100,
    "batch_size": 64,
    "test_accuracy": 0.5075882245383068,
    "test_precision": 0.25209296390441144,
    "test_recall": 0.3141901636243975,
    "test_f1_score": 0.2767409431644753,
    "val_accuracy": 0.5089579524680073,
    "val_precision": 0.25065447832177146,
    "val_recall": 0.31878043385320387,
    "val_f1_score": 0.2778607463212347
}