{
    "learning_rate": 0.01,
    "momentum": 0.5,
    "num_epochs": 100,
    "batch_size": 128,
    "test_accuracy": 0.5810344827586207,
    "test_precision": 0.45960004251957304,
    "test_recall": 0.41788828841249326,
    "test_f1_score": 0.4235101329898548,
    "val_accuracy": 0.5848275862068966,
    "val_precision": 0.44757031348625925,
    "val_recall": 0.40977348957679127,
    "val_f1_score": 0.4143355554170234
}