{
    "learning_rate": 0.25,
    "momentum": 0.9,
    "num_epochs": 200,
    "batch_size": 256,
    "test_accuracy": 0.5851724137931035,
    "test_precision": 0.5182755865855861,
    "test_recall": 0.49660086038891116,
    "test_f1_score": 0.505630053004871,
    "val_accuracy": 0.5855172413793104,
    "val_precision": 0.5215442579646422,
    "val_recall": 0.5018550007505155,
    "val_f1_score": 0.5103037969862257
}