{
    "learning_rate": 0.1,
    "momentum": 0.5,
    "num_epochs": 200,
    "batch_size": 128,
    "test_accuracy": 0.583103448275862,
    "test_precision": 0.5039719369746117,
    "test_recall": 0.4993682035756821,
    "test_f1_score": 0.49876624675070347,
    "val_accuracy": 0.5858620689655173,
    "val_precision": 0.5032648264235621,
    "val_recall": 0.5076768588349795,
    "val_f1_score": 0.5046542530081938
}