{
    "learning_rate": 0.25,
    "momentum": 0.9,
    "num_epochs": 100,
    "batch_size": 256,
    "test_accuracy": 0.5693103448275862,
    "test_precision": 0.5008306064998079,
    "test_recall": 0.4860445245229339,
    "test_f1_score": 0.49235410215048586,
    "val_accuracy": 0.573103448275862,
    "val_precision": 0.49786250861833964,
    "val_recall": 0.4907229919957495,
    "val_f1_score": 0.49398632374554935
}