{
    "learning_rate": 0.05,
    "momentum": 0.5,
    "num_epochs": 200,
    "batch_size": 128,
    "test_accuracy": 0.5968965517241379,
    "test_precision": 0.5300465743094518,
    "test_recall": 0.5011456561854446,
    "test_f1_score": 0.511276999650208,
    "val_accuracy": 0.6089655172413793,
    "val_precision": 0.543588083268949,
    "val_recall": 0.5141984669111302,
    "val_f1_score": 0.5253304852850363
}