{
    "learning_rate": 0.05,
    "momentum": 0.9,
    "num_epochs": 200,
    "batch_size": 256,
    "test_accuracy": 0.5727586206896552,
    "test_precision": 0.49536154448890235,
    "test_recall": 0.47975268823041356,
    "test_f1_score": 0.48561896864440474,
    "val_accuracy": 0.5655172413793104,
    "val_precision": 0.4935872859148529,
    "val_recall": 0.4802541443472144,
    "val_f1_score": 0.48376642877289516
}