{
    "learning_rate": 0.05,
    "momentum": 0.5,
    "num_epochs": 100,
    "batch_size": 256,
    "test_accuracy": 0.6006896551724138,
    "test_precision": 0.5491646092692785,
    "test_recall": 0.47539376833724106,
    "test_f1_score": 0.49593674038166635,
    "val_accuracy": 0.6017241379310345,
    "val_precision": 0.5586588728169642,
    "val_recall": 0.474196668618124,
    "val_f1_score": 0.49910231353304574
}