{
    "learning_rate": 0.01,
    "momentum": 0.9,
    "num_epochs": 200,
    "batch_size": 64,
    "test_accuracy": 0.5920689655172414,
    "test_precision": 0.5268450272416086,
    "test_recall": 0.5091559391144617,
    "test_f1_score": 0.5140438909270794,
    "val_accuracy": 0.5906896551724138,
    "val_precision": 0.5149014257557336,
    "val_recall": 0.5066152486976345,
    "val_f1_score": 0.5091750490418402
}