{
    "learning_rate": 0.1,
    "momentum": 0.9,
    "num_epochs": 200,
    "batch_size": 64,
    "test_accuracy": 0.5751724137931035,
    "test_precision": 0.49774081543367604,
    "test_recall": 0.4849500421426103,
    "test_f1_score": 0.49022440542666024,
    "val_accuracy": 0.5789655172413793,
    "val_precision": 0.5113903179202633,
    "val_recall": 0.4941107768892939,
    "val_f1_score": 0.5017278965294807
}