{
    "Happiness": {
        "precision": 0.5963774420628015,
        "recall": 0.7839467664795176,
        "f1-score": 0.6774179057544585,
        "support": 9618.0
    },
    "Sadness": {
        "precision": 0.6472799208704253,
        "recall": 0.4655000711338739,
        "f1-score": 0.5415425355842436,
        "support": 7029.0
    },
    "Anger": {
        "precision": 0.3974510966212211,
        "recall": 0.436950146627566,
        "f1-score": 0.41626571472916346,
        "support": 3069.0
    },
    "Fear": {
        "precision": 0.6344827586206897,
        "recall": 0.25944726452340666,
        "f1-score": 0.36829463570856685,
        "support": 3546.0
    },
    "Disgust": {
        "precision": 0.09324009324009325,
        "recall": 0.09411764705882353,
        "f1-score": 0.0936768149882904,
        "support": 425.0
    },
    "Surprise": {
        "precision": 0.22938144329896906,
        "recall": 0.30067567567567566,
        "f1-score": 0.260233918128655,
        "support": 2368.0
    },
    "accuracy": 0.5306083285357897,
    "macro avg": {
        "precision": 0.4330354591190333,
        "recall": 0.39010626191647724,
        "f1-score": 0.39290525414889627,
        "support": 26055.0
    },
    "weighted avg": {
        "precision": 0.5503029889279115,
        "recall": 0.5306083285357897,
        "f1-score": 0.5204930616539277,
        "support": 26055.0
    }
}