{
    "Happiness": {
        "precision": 0.4722176422093982,
        "recall": 0.7417767417767418,
        "f1-score": 0.5770703203707435,
        "support": 3861.0
    },
    "Sadness": {
        "precision": 0.5604575163398693,
        "recall": 0.31040723981900453,
        "f1-score": 0.3995340710541642,
        "support": 2210.0
    },
    "Anger": {
        "precision": 0.2827586206896552,
        "recall": 0.42219679633867274,
        "f1-score": 0.33868747131711796,
        "support": 874.0
    },
    "Fear": {
        "precision": 0.7592592592592593,
        "recall": 0.21465968586387435,
        "f1-score": 0.3346938775510204,
        "support": 1528.0
    },
    "Disgust": {
        "precision": 0.2564102564102564,
        "recall": 0.09411764705882353,
        "f1-score": 0.13769363166953527,
        "support": 425.0
    },
    "Surprise": {
        "precision": 0.2624212736179146,
        "recall": 0.21891418563922943,
        "f1-score": 0.23870146403564607,
        "support": 1713.0
    },
    "accuracy": 0.4393553859202714,
    "macro avg": {
        "precision": 0.43225409475439225,
        "recall": 0.3336787160827244,
        "f1-score": 0.33773013933303786,
        "support": 10611.0
    },
    "weighted avg": {
        "precision": 0.4738125163504242,
        "recall": 0.4393553859202714,
        "f1-score": 0.4133332673794061,
        "support": 10611.0
    }
}